Nr;Driver in;Day time in;Time in;Driver out;Day time out;Time out;Nett Time;Reason;Lap In
44;Jayden Kelly;18:01:44.909;2:26.494; ;;;;;1
89;Bashar Mardini;18:03:11.222;3:52.807; ;;;;;1
2;Dorian Boccolacci;18:05:04.335;5:45.920;Dorian Boccolacci;18:05:54.372;6:35.957;50.037;;2
2;Dorian Boccolacci;18:08:07.500;8:49.085;Dorian Boccolacci;18:09:35.600;10:17.185;1:28.100;;3
87;Rinat Salikhov;18:10:55.787;11:37.372;Rinat Salikhov;18:11:40.400;12:21.985;44.613;;4
60;Chandler Hull;18:13:26.707;14:08.292;Chandler Hull;18:14:14.035;14:55.620;47.328;;5
87;Rinat Salikhov;18:13:31.740;14:13.325;Rinat Salikhov;18:14:19.004;15:00.589;47.264;;5
4;Freddie Tomlinson;18:27:32.274;28:13.859;Freddie Tomlinson;18:36:29.420;37:11.005;8:57.146;;12
7;Marco Sorensen;18:50:16.233;50:57.818;Marco Sorensen;18:51:52.205;52:33.790;1:35.972;;24
59;Dean Macdonald;18:51:00.614;51:42.199;Joseph Loake;18:52:26.841;53:08.426;1:26.227;;24
11;Marcelo Tomasoni;18:55:55.339;56:36.924;Aaron Muss;18:57:26.564;58:08.149;1:31.225;;26
67;Scott Noble;18:58:50.048;59:31.633;Scott Noble;19:00:57.582;1:01:39.167;2:07.534;;27
24;Antoine Doquin;18:58:58.990;59:40.575;Antoine Doquin;19:00:26.475;1:01:08.060;1:27.485;;28
30;Matisse Lismont;19:00:33.048;1:01:14.633;Amaury Cordeel;19:01:59.519;1:02:41.104;1:26.471;;29
50;Sean Gelael;19:00:34.875;1:01:16.460;Lilou Wadoux;19:02:01.988;1:02:43.573;1:27.113;;29
84;Simon Reicher;19:00:58.874;1:01:40.459;Markus Winkelhock;19:02:27.412;1:03:08.997;1:28.538;;29
32;Kelvin van der Linde;19:02:01.599;1:02:43.184;Charles Weerts;19:03:28.195;1:04:09.780;1:26.596;;30
98;Augusto Farfus;19:02:11.455;1:02:53.040;Augusto Farfus;19:03:42.109;1:04:23.694;1:30.654;;30
46;Valentino Rossi;19:02:19.660;1:03:01.245;Max Hesse;19:03:46.013;1:04:27.598;1:26.353;;30
18;Mari Boya;19:02:22.618;1:03:04.203;Mari Boya;19:03:49.538;1:04:31.123;1:26.920;;30
9;Aleksei Nesov;19:02:23.218;1:03:04.803;Aliaksandr Malykhin;19:03:51.259;1:04:32.844;1:28.041;;30
25;Ezequiel Perez Companc;19:02:26.012;1:03:07.597;Ezequiel Perez Companc;19:03:55.285;1:04:36.870;1:29.273;;30
21;Sebastien Baud;19:02:26.882;1:03:08.467;Oliver Söderström;19:03:56.503;1:04:38.088;1:29.621;;30
52;Gilles Stadsbader;19:02:33.180;1:03:14.765;Matias Zagazeta;19:04:00.392;1:04:41.977;1:27.212;;30
177;Alfredo Hernandez Ortega;19:02:55.864;1:03:37.449;Alfredo Hernandez Ortega;19:04:42.388;1:05:23.973;1:46.524;;29
56;Giacomo Petrobelli;19:02:58.208;1:03:39.793;Giacomo Petrobelli;19:04:34.451;1:05:16.036;1:36.243;;30
42;Ahmad Al Harthy;19:02:59.481;1:03:41.066;Ahmad Al Harthy;19:04:26.546;1:05:08.131;1:27.065;;30
992;Christian Hahn;19:03:00.072;1:03:41.657;Ashley Sutton;19:04:36.614;1:05:18.199;1:36.542;;30
97;Antares Au;19:03:01.985;1:03:43.570;Antares Au;19:04:30.341;1:05:11.926;1:28.356;;30
222;Charles Dawson;19:03:04.426;1:03:46.011;Charles Dawson;19:04:38.509;1:05:20.094;1:34.083;;30
54;Tanart Sathienthirakul;19:03:07.617;1:03:49.202;Tanart Sathienthirakul;19:04:40.424;1:05:22.009;1:32.807;;30
914;Dominik Olbert;19:03:13.810;1:03:55.395;Gerhard Tweraser;19:05:09.555;1:05:51.140;1:55.745;;30
45;Dylan Medler;19:03:14.389;1:03:55.974;Rafael Duran;19:04:43.818;1:05:25.403;1:29.429;;30
93;Stefano Costantini;19:03:16.598;1:03:58.183;Stefano Costantini;19:04:44.390;1:05:25.975;1:27.792;;30
88;Carrie Schreiner;19:03:27.826;1:04:09.411;Carrie Schreiner;19:05:18.672;1:06:00.257;1:50.846;;30
48;Maro Engel;19:03:38.532;1:04:20.117;Maro Engel;19:05:04.870;1:05:46.455;1:26.338;;31
17;Maxime Martin;19:03:45.205;1:04:26.790;Maxime Martin;19:05:12.262;1:05:53.847;1:27.057;;31
66;Rocco Mazzola;19:03:46.725;1:04:28.310; ;;;;;30
80;Bastian Buus;19:03:52.467;1:04:34.052;Thomas Preining;19:05:19.532;1:06:01.117;1:27.065;;31
99;Alex Aka;19:04:02.506;1:04:44.091;Andrea Frassineti;19:05:29.827;1:06:11.412;1:27.321;;31
111;Simon Gachet;19:04:06.181;1:04:47.766;James Kell;19:05:33.266;1:06:14.851;1:27.085;;31
64;Arjun Maini;19:04:12.422;1:04:54.007;Arjun Maini;19:05:39.960;1:06:21.545;1:27.538;;31
5;Michael Porter;19:04:15.713;1:04:57.298;Guilherme Oliveira;19:05:44.287;1:06:25.872;1:28.574;;31
51;Nicklas Nielsen;19:04:19.746;1:05:01.331;Nicklas Nielsen;19:05:46.337;1:06:27.922;1:26.591;;31
998;Ugo De Wilde;19:04:20.227;1:05:01.812;Tim Tramnitz;19:05:55.692;1:06:37.277;1:35.465;;31
63;Mirko Bortolotti;19:04:31.744;1:05:13.329;Maximilian Paul;19:06:02.647;1:06:44.232;1:30.903;;31
991;James Kellett;19:04:40.407;1:05:21.992;James Kellett;19:06:10.906;1:06:52.491;1:30.499;;31
35;Mateo Villagomez;19:04:42.989;1:05:24.574;Ethan Ischer;19:06:15.400;1:06:56.985;1:32.411;;31
6;Anthony Bartone;19:04:49.674;1:05:31.259;Cesar Gazeau;19:06:20.803;1:07:02.388;1:31.129;;31
23;Maxwell Lynn;19:04:51.621;1:05:33.206;Maxwell Lynn;19:06:47.392;1:07:28.977;1:55.771;;31
96;Luca Engstler;19:04:56.411;1:05:37.996;Luca Engstler;19:06:29.231;1:07:10.816;1:32.820;;31
91;Ralf Bohn;19:04:58.048;1:05:39.633;Ralf Bohn;19:06:26.040;1:07:07.625;1:27.992;;31
74;Dustin Blattner;19:04:58.859;1:05:40.444;Dustin Blattner;19:06:26.518;1:07:08.103;1:27.659;;31
12;Gabriel Rindone;19:05:12.021;1:05:53.606;Gabriel Rindone;19:06:44.565;1:07:26.150;1:32.544;;31
58;Benjamin Goethe;19:05:40.590;1:06:22.175;Thomas Fleming;19:07:14.537;1:07:56.122;1:33.947;;32
3;Daniel Juncadella;19:05:45.535;1:06:27.120;Jules Gounon;19:07:11.669;1:07:53.254;1:26.134;;32
71;Frederik Schandorff;19:05:57.990;1:06:39.575;Malte Ebdrup;19:07:25.592;1:08:07.177;1:27.602;;32
65;Finn Wiebelhaus;19:06:03.722;1:06:45.307;Eduardo Coseteng;19:07:31.484;1:08:13.069;1:27.762;;32
12;Gabriel Rindone;19:08:41.327;1:09:22.912;Gabriel Rindone;19:09:34.530;1:10:16.115;53.203;;32
18;Mari Boya;19:09:29.929;1:10:11.514;Mari Boya;19:10:18.988;1:11:00.573;49.059;;33
60;Chandler Hull;19:12:01.050;1:12:42.635;Rolf Ineichen;19:13:31.922;1:14:13.507;1:30.872;;34
2;Dorian Boccolacci;19:16:23.612;1:17:05.197;Dorian Boccolacci;19:17:51.327;1:18:32.912;1:27.715;;37
87;Rinat Salikhov;19:17:09.752;1:17:51.337;Rinat Salikhov;19:18:38.624;1:19:20.209;1:28.872;;37
67;Scott Noble;19:21:42.506;1:22:24.091;Scott Noble;19:23:10.019;1:23:51.604;1:27.513;;37
4;Freddie Tomlinson;19:36:43.179;1:37:24.764;Harry George;19:38:11.933;1:38:53.518;1:28.754;;43
97;Antares Au;19:53:35.696;1:54:17.281;Riccardo Pera;19:55:03.229;1:55:44.814;1:27.533;;55
7;Marco Sorensen;19:53:41.891;1:54:23.476;Nicki Thiim;19:55:08.651;1:55:50.236;1:26.760;;56
59;Joseph Loake;19:54:16.246;1:54:57.831;Dean Macdonald;19:55:42.514;1:56:24.099;1:26.268;;56
177;Alfredo Hernandez Ortega;19:56:29.061;1:57:10.646;Stephane Tribaudini;19:59:13.657;1:59:55.242;2:44.596;;54
93;Stefano Costantini;19:58:10.396;1:58:51.981;Eddie Cheever;19:59:37.550;2:00:19.135;1:27.154;;57
56;Giacomo Petrobelli;19:58:12.182;1:58:53.767;Tom Wood;19:59:41.054;2:00:22.639;1:28.872;;57
11;Aaron Muss;19:58:24.745;1:59:06.330;Marcelo Tomasoni;19:59:55.974;2:00:37.559;1:31.229;;57
18;Mari Boya;19:58:46.652;1:59:28.237;Mari Boya;20:00:51.940;2:01:33.525;2:05.288;;58
88;Carrie Schreiner;19:59:04.972;1:59:46.557;Daniele Di Amato;20:00:32.723;2:01:14.308;1:27.751;;57
66;Sebastian Øgaard;19:59:48.220;2:00:29.805; ;;;;;58
30;Amaury Cordeel;20:00:31.663;2:01:13.248;Ignacio Montenegro;20:01:57.564;2:02:39.149;1:25.901;;59
84;Markus Winkelhock;20:00:42.847;2:01:24.432;Markus Winkelhock;20:02:11.174;2:02:52.759;1:28.327;;59
50;Lilou Wadoux;20:00:56.925;2:01:38.510;Lilou Wadoux;20:02:24.422;2:03:06.007;1:27.497;;59
24;Antoine Doquin;20:01:00.358;2:01:41.943;Lorenzo Fluxa Cross;20:02:33.446;2:03:15.031;1:33.088;;59
65;Eduardo Coseteng;20:02:10.210;2:02:51.795;Eduardo Coseteng;20:03:37.763;2:04:19.348;1:27.553;;60
45;Rafael Duran;20:02:26.646;2:03:08.231;Dylan Medler;20:03:59.224;2:04:40.809;1:32.578;;59
25;Ezequiel Perez Companc;20:02:28.540;2:03:10.125;Ivan Klymenko;20:04:25.697;2:05:07.282;1:57.157;;60
32;Charles Weerts;20:03:31.816;2:04:13.401;Jordan Pepper;20:04:58.341;2:05:39.926;1:26.525;;61
98;Augusto Farfus;20:03:35.758;2:04:17.343;Jake Dennis;20:05:02.962;2:05:44.547;1:27.204;;61
46;Max Hesse;20:03:43.514;2:04:25.099;Valentino Rossi;20:05:14.461;2:05:56.046;1:30.947;;61
914;Gerhard Tweraser;20:03:58.308;2:04:39.893;Dominik Olbert;20:05:26.095;2:06:07.680;1:27.787;;60
99;Andrea Frassineti;20:04:00.848;2:04:42.433;Andrea Frassineti;20:05:29.452;2:06:11.037;1:28.604;;61
21;Oliver Söderström;20:04:25.978;2:05:07.563;Kobe Pauwels;20:05:53.568;2:06:35.153;1:27.590;;61
9;Aliaksandr Malykhin;20:04:33.788;2:05:15.373;Aliaksandr Malykhin;20:06:00.813;2:06:42.398;1:27.025;;61
52;Matias Zagazeta;20:04:53.294;2:05:34.879;Matias Zagazeta;20:06:20.299;2:07:01.884;1:27.005;;61
48;Maro Engel;20:04:54.753;2:05:36.338;Luca Stolz;20:06:21.453;2:07:03.038;1:26.700;;62
992;Ashley Sutton;20:05:01.536;2:05:43.121;Christian Hahn;20:06:29.405;2:07:10.990;1:27.869;;61
42;Ahmad Al Harthy;20:05:02.694;2:05:44.279;Javier Sagrera;20:06:30.896;2:07:12.481;1:28.202;;61
80;Thomas Preining;20:05:07.069;2:05:48.654;Ricardo Feller;20:06:33.678;2:07:15.263;1:26.609;;62
74;Dustin Blattner;20:05:19.408;2:06:00.993;Lorenzo Patrese;20:06:46.605;2:07:28.190;1:27.197;;61
17;Maxime Martin;20:05:23.408;2:06:04.993;Maximilian Götz;20:06:50.007;2:07:31.592;1:26.599;;62
222;Charles Dawson;20:05:46.520;2:06:28.105;Reece Barr;20:07:17.679;2:07:59.264;1:31.159;;61
111;James Kell;20:05:47.172;2:06:28.757;Arthur Rougier;20:07:13.710;2:07:55.295;1:26.538;;62
64;Arjun Maini;20:05:48.774;2:06:30.359;Thomas Drouet;20:07:15.592;2:07:57.177;1:26.818;;62
54;Tanart Sathienthirakul;20:05:53.161;2:06:34.746;Francesco Simonazzi;20:07:26.180;2:08:07.765;1:33.019;;61
998;Tim Tramnitz;20:06:06.759;2:06:48.344;Tim Tramnitz;20:07:39.446;2:08:21.031;1:32.687;;62
5;Guilherme Oliveira;20:06:08.087;2:06:49.672;Guilherme Oliveira;20:07:36.469;2:08:18.054;1:28.382;;62
51;Nicklas Nielsen;20:06:08.978;2:06:50.563;Tommaso Mosca;20:07:38.519;2:08:20.104;1:29.541;;62
23;Horatio Fitz-Simon;20:06:12.807;2:06:54.392;Horatio Fitz-Simon;20:08:23.141;2:09:04.726;2:10.334;;61
96;Marco Mapelli;20:06:31.492;2:07:13.077;Patric Niederhauser;20:07:59.758;2:08:41.343;1:28.266;;61
6;Cesar Gazeau;20:06:42.028;2:07:23.613;Anthony Bartone;20:08:09.731;2:08:51.316;1:27.703;;62
35;Ethan Ischer;20:07:05.868;2:07:47.453;Ethan Ischer;20:08:33.394;2:09:14.979;1:27.526;;62
3;Jules Gounon;20:07:09.633;2:07:51.218;Jules Gounon;20:08:36.793;2:09:18.378;1:27.160;;63
91;Ralf Bohn;20:07:11.178;2:07:52.763;Robert Renauer;20:08:39.301;2:09:20.886;1:28.123;;62
58;Louis Prette;20:07:19.888;2:08:01.473;Benjamin Goethe;20:08:46.992;2:09:28.577;1:27.104;;63
991;Darren Leung;20:07:27.258;2:08:08.843;Darren Leung;20:08:54.829;2:09:36.414;1:27.571;;62
71;Malte Ebdrup;20:08:04.445;2:08:46.030;Malte Ebdrup;20:09:46.421;2:10:28.006;1:41.976;;63
63;Maximilian Paul;20:08:06.833;2:08:48.418;Franck Perera;20:09:57.160;2:10:38.745;1:50.327;;62
12;Gabriel Rindone;20:08:48.726;2:09:30.311;Tom Kalender;20:10:49.248;2:11:30.833;2:00.522;;62
914;Dominik Olbert;20:09:16.483;2:09:58.068;Dominik Olbert;20:09:55.172;2:10:36.757;38.689;;62
60;Rolf Ineichen;20:14:18.836;2:15:00.421;Chandler Hull;20:15:48.942;2:16:30.527;1:30.106;;65
67;Scott Noble;20:14:43.423;2:15:25.008;Jason Hart;20:17:53.817;2:18:35.402;3:10.394;;62
2;Dorian Boccolacci;20:17:49.036;2:18:30.621;Morris Schuring;20:19:18.744;2:20:00.329;1:29.708;;68
87;Rinat Salikhov;20:19:36.153;2:20:17.738;Gabriele Piana;20:21:04.536;2:21:46.121;1:28.383;;68
4;Harry George;20:37:42.164;2:38:23.749;Adam Smalley;20:39:45.439;2:40:27.024;2:03.275;;73
97;Riccardo Pera;20:55:09.954;2:55:51.539;Riccardo Pera;20:56:37.468;2:57:19.053;1:27.514;;86
6;Anthony Bartone;20:55:41.036;2:56:22.621;Aurelien Panis;20:57:25.397;2:58:06.982;1:44.361;;86
46;Valentino Rossi;20:56:00.800;2:56:42.385;Daniel Harper;20:57:27.095;2:58:08.680;1:26.295;;87
7;Nicki Thiim;20:56:58.487;2:57:40.072;Mattia Drudi;20:58:24.997;2:59:06.582;1:26.510;;88
177;Stephane Tribaudini;20:57:03.654;2:57:45.239;Stephane Tribaudini;20:59:51.696;3:00:33.281;2:48.042;;83
59;Dean Macdonald;20:57:34.185;2:58:15.770;Joseph Loake;20:58:59.908;2:59:41.493;1:25.723;;88
11;Marcelo Tomasoni;20:58:05.166;2:58:46.751;Kyle Marcelli;20:59:48.650;3:00:30.235;1:43.484;;85
96;Patric Niederhauser;20:59:04.768;2:59:46.353;Luca Engstler;21:00:43.854;3:01:25.439;1:39.086;;87
88;Daniele Di Amato;20:59:25.632;3:00:07.217;Daniele Di Amato;21:01:51.782;3:02:33.367;2:26.150;;87
24;Lorenzo Fluxa Cross;20:59:41.637;3:00:23.222;Lorenzo Fluxa Cross;21:01:44.801;3:02:26.386;2:03.164;;88
60;Chandler Hull;20:59:49.930;3:00:31.515;Rolf Ineichen;21:01:20.092;3:02:01.677;1:30.162;;87
66;Ariel Levi;21:00:02.797;3:00:44.382; ;;;;;88
93;Eddie Cheever;21:00:03.785;3:00:45.370;Chris Froggatt;21:02:20.946;3:03:02.531;2:17.161;;88
56;Tom Wood;21:00:34.846;3:01:16.431;Tom Wood;21:03:03.841;3:03:45.426;2:28.995;;88
18;Roberto Merhi;21:01:23.331;3:02:04.916;Roberto Merhi;21:05:51.088;3:06:32.673;4:27.757;;89
84;Markus Winkelhock;21:02:23.196;3:03:04.781;Simon Reicher;21:03:52.144;3:04:33.729;1:28.948;;90
30;Ignacio Montenegro;21:02:32.364;3:03:13.949;Amaury Cordeel;21:03:59.791;3:04:41.376;1:27.427;;90
50;Lilou Wadoux;21:02:46.027;3:03:27.612;Sean Gelael;21:04:45.608;3:05:27.193;1:59.581;;90
25;Ivan Klymenko;21:03:23.486;3:04:05.071;Etienne Cheli;21:04:53.026;3:05:34.611;1:29.540;;90
914;Dominik Olbert;21:04:05.468;3:04:47.053;Gerhard Tweraser;21:05:35.964;3:06:17.549;1:30.496;;89
65;Eduardo Coseteng;21:04:28.311;3:05:09.896;Maxime Oosten;21:05:55.403;3:06:36.988;1:27.092;;91
80;Ricardo Feller;21:04:36.916;3:05:18.501;Ricardo Feller;21:06:03.706;3:06:45.291;1:26.790;;92
45;Dylan Medler;21:04:56.686;3:05:38.271;Rafael Duran;21:07:24.110;3:08:05.695;2:27.424;;90
32;Jordan Pepper;21:05:08.209;3:05:49.794;Charles Weerts;21:06:34.588;3:07:16.173;1:26.379;;92
98;Jake Dennis;21:05:20.186;3:06:01.771;Jake Dennis;21:06:47.010;3:07:28.595;1:26.824;;92
42;Javier Sagrera;21:05:28.511;3:06:10.096;Calan Williams;21:07:57.522;3:08:39.107;2:29.011;;91
992;Christian Hahn;21:05:33.770;3:06:15.355;Ashley Sutton;21:07:02.391;3:07:43.976;1:28.621;;91
99;Andrea Frassineti;21:05:50.368;3:06:31.953;Dylan Pereira;21:07:17.573;3:07:59.158;1:27.205;;92
21;Kobe Pauwels;21:06:17.574;3:06:59.159;Sebastien Baud;21:07:44.832;3:08:26.417;1:27.258;;92
48;Luca Stolz;21:06:22.545;3:07:04.130;Luca Stolz;21:07:49.420;3:08:31.005;1:26.875;;93
74;Lorenzo Patrese;21:06:34.968;3:07:16.553;Lorenzo Patrese;21:08:02.048;3:08:43.633;1:27.080;;91
9;Aliaksandr Malykhin;21:06:48.676;3:07:30.261;Max Hofer;21:08:17.305;3:08:58.890;1:28.629;;92
17;Maximilian Götz;21:07:11.778;3:07:53.363;Maximilian Götz;21:08:38.835;3:09:20.420;1:27.057;;93
52;Matias Zagazeta;21:07:20.574;3:08:02.159;Jeff Machiels;21:08:47.035;3:09:28.620;1:26.461;;92
111;Arthur Rougier;21:07:22.452;3:08:04.037;James Kell;21:08:49.535;3:09:31.120;1:27.083;;93
998;Tim Tramnitz;21:07:37.060;3:08:18.645;Ugo De Wilde;21:09:03.837;3:09:45.422;1:26.777;;93
64;Thomas Drouet;21:07:41.290;3:08:22.875;Thomas Drouet;21:09:08.182;3:09:49.767;1:26.892;;93
51;Tommaso Mosca;21:07:48.555;3:08:30.140;Tommaso Mosca;21:09:14.856;3:09:56.441;1:26.301;;93
222;Reece Barr;21:07:52.403;3:08:33.988;Reece Barr;21:09:20.830;3:10:02.415;1:28.427;;92
5;Guilherme Oliveira;21:08:25.730;3:09:07.315;Dante Rappange;21:09:53.453;3:10:35.038;1:27.723;;93
54;Francesco Simonazzi;21:08:27.997;3:09:09.582;Francesco Simonazzi;21:09:57.849;3:10:39.434;1:29.852;;92
3;Jules Gounon;21:08:41.088;3:09:22.673;Chris Lulham;21:10:07.000;3:10:48.585;1:25.912;;94
58;Benjamin Goethe;21:08:57.042;3:09:38.627;Louis Prette;21:10:23.910;3:11:05.495;1:26.868;;94
23;Maxwell Lynn;21:09:05.995;3:09:47.580;Maxwell Lynn;21:10:33.848;3:11:15.433;1:27.853;;92
60;Rolf Ineichen;21:09:09.268;3:09:50.853;Rolf Ineichen;21:19:13.328;3:19:54.913;10:04.060;;91
91;Robert Renauer;21:09:16.210;3:09:57.795;Robert Renauer;21:11:45.121;3:12:26.706;2:28.911;;93
35;Ethan Ischer;21:09:26.500;3:10:08.085;Gaspard Simon;21:10:53.952;3:11:35.537;1:27.452;;93
12;Tom Kalender;21:09:48.265;3:10:29.850;Tom Kalender;21:11:21.026;3:12:02.611;1:32.761;;92
991;Darren Leung;21:10:04.478;3:10:46.063;James Kellett;21:11:32.087;3:12:13.672;1:27.609;;93
71;Malte Ebdrup;21:10:25.870;3:11:07.455;Simon Birch;21:11:52.873;3:12:34.458;1:27.003;;94
63;Franck Perera;21:10:43.994;3:11:25.579;Maximilian Paul;21:12:12.453;3:12:54.038;1:28.459;;93
80;Ricardo Feller;21:11:49.594;3:12:31.179; ;;;;;95
24;Lorenzo Fluxa Cross;21:13:23.544;3:14:05.129;Lorenzo Fluxa Cross;21:14:02.504;3:14:44.089;38.960;;94
45;Rafael Duran;21:15:20.449;3:16:02.034;Rafael Duran;21:15:59.227;3:16:40.812;38.778;;94
67;Jason Hart;21:18:56.007;3:19:37.592;Jason Hart;21:20:58.643;3:21:40.228;2:02.636;;93
2;Morris Schuring;21:19:20.296;3:20:01.881;Alessio Picariello;21:20:47.385;3:21:28.970;1:27.089;;99
87;Gabriele Piana;21:21:27.932;3:22:09.517;Gabriele Piana;21:22:55.282;3:23:36.867;1:27.350;;99
4;Adam Smalley;21:38:08.865;3:38:50.450;Harry George;21:40:07.893;3:40:49.478;1:59.028;;103
5;Dante Rappange;21:46:48.310;3:47:29.895;Dante Rappange;21:51:37.727;3:52:19.312;4:49.417;;112
96;Luca Engstler;21:48:27.589;3:49:09.174; ;;;;;110
45;Rafael Duran;21:53:49.370;3:54:30.955;David Perel;21:55:18.484;3:56:00.069;1:29.114;;113
64;Thomas Drouet;21:53:50.040;3:54:31.625;Thomas Drouet;21:54:29.204;3:55:10.789;39.164;;116
60;Rolf Ineichen;21:54:41.831;3:55:23.416;Tim Heinemann;22:10:39.781;4:11:21.366;15:57.950;;109
99;Dylan Pereira;21:55:57.424;3:56:39.009; ;;;;;117
97;Riccardo Pera;21:56:45.301;3:57:26.886;Loek Hartog;21:58:12.223;3:58:53.808;1:26.922;;117
59;Joseph Loake;21:56:54.868;3:57:36.453;Marvin Kirchhöfer;21:58:21.918;3:59:03.503;1:27.050;;118
46;Daniel Harper;21:57:44.514;3:58:26.099;Max Hesse;21:59:43.031;4:00:24.616;1:58.517;;118
6;Aurelien Panis;21:58:01.642;3:58:43.227;Cesar Gazeau;21:59:30.561;4:00:12.146;1:28.919;;117
84;Simon Reicher;21:58:55.066;3:59:36.651;Christopher Haase;22:00:23.271;4:01:04.856;1:28.205;;118
177;Stephane Tribaudini;21:59:11.769;3:59:53.354;Colin Caresani;22:00:41.403;4:01:22.988;1:29.634;;113
24;Lorenzo Fluxa Cross;21:59:15.029;3:59:56.614;Dennis Lind;22:01:14.465;4:01:56.050;1:59.436;;117
63;Maximilian Paul;21:59:21.457;4:00:03.042;Maximilian Paul;22:00:47.518;4:01:29.103;1:26.061;;117
7;Mattia Drudi;22:00:19.307;4:01:00.892;Mattia Drudi;22:01:46.262;4:02:27.847;1:26.955;;120
88;Daniele Di Amato;22:00:26.602;4:01:08.187;Alberto Di Folco;22:02:26.544;4:03:08.129;1:59.942;;117
11;Kyle Marcelli;22:00:46.860;4:01:28.445;Aaron Muss;22:02:15.234;4:02:56.819;1:28.374;;116
66;Rocco Mazzola;22:01:57.353;4:02:38.938; ;;;;;119
991;James Kellett;22:01:59.206;4:02:40.791;James Kellett;22:03:27.728;4:04:09.313;1:28.522;;119
914;Gerhard Tweraser;22:02:35.072;4:03:16.657;Benjamin Paque;22:04:37.962;4:05:19.547;2:02.890;;118
93;Chris Froggatt;22:03:47.895;4:04:29.480;Chris Froggatt;22:05:16.804;4:05:58.389;1:28.909;;119
25;Etienne Cheli;22:03:55.907;4:04:37.492;Ivan Klymenko;22:05:57.743;4:06:39.328;2:01.836;;120
56;Tom Wood;22:04:05.512;4:04:47.097;Giacomo Petrobelli;22:05:38.540;4:06:20.125;1:33.028;;119
30;Amaury Cordeel;22:04:35.480;4:05:17.065;Ignacio Montenegro;22:06:02.156;4:06:43.741;1:26.676;;121
50;Sean Gelael;22:04:58.646;4:05:40.231;Arthur Leclerc;22:06:25.342;4:07:06.927;1:26.696;;121
18;Roberto Merhi;22:05:57.680;4:06:39.265;Lance Stroll;22:09:41.541;4:10:23.126;3:43.861;;120
32;Charles Weerts;22:06:39.847;4:07:21.432;Jordan Pepper;22:08:06.117;4:08:47.702;1:26.270;;123
65;Maxime Oosten;22:06:40.549;4:07:22.134;Maxime Oosten;22:08:08.032;4:08:49.617;1:27.483;;122
21;Sebastien Baud;22:06:41.947;4:07:23.532;Oliver Söderström;22:08:11.307;4:08:52.892;1:29.360;;122
98;Jake Dennis;22:06:43.338;4:07:24.923;Raffaele Marciello;22:08:10.445;4:08:52.030;1:27.107;;123
42;Calan Williams;22:06:47.665;4:07:29.250;Javier Sagrera;22:08:16.022;4:08:57.607;1:28.357;;121
5;Dante Rappange;22:07:05.789;4:07:47.374; ;;;;;120
992;Ashley Sutton;22:07:22.816;4:08:04.401;Robert De Haan;22:08:50.711;4:09:32.296;1:27.895;;122
48;Luca Stolz;22:07:49.855;4:08:31.440;Lucas Auer;22:09:16.673;4:09:58.258;1:26.818;;124
64;Thomas Drouet;22:08:04.715;4:08:46.300;Fabio Scherer;22:09:33.571;4:10:15.156;1:28.856;;123
74;Lorenzo Patrese;22:08:30.340;4:09:11.925;Dennis Marschall;22:10:31.309;4:11:12.894;2:00.969;;122
17;Maximilian Götz;22:08:40.421;4:09:22.006;Fabian Schiller;22:10:11.352;4:10:52.937;1:30.931;;124
9;Max Hofer;22:08:44.068;4:09:25.653;Max Hofer;22:10:10.567;4:10:52.152;1:26.499;;123
111;James Kell;22:09:01.466;4:09:43.051;Simon Gachet;22:10:27.826;4:11:09.411;1:26.360;;124
998;Ugo De Wilde;22:09:16.517;4:09:58.102;Jens Klingmann;22:10:43.694;4:11:25.279;1:27.177;;124
54;Angus Whiteside;22:09:21.059;4:10:02.644;Angus Whiteside;22:11:09.644;4:11:51.229;1:48.585;;122
51;Tommaso Mosca;22:09:34.058;4:10:15.643;Alessio Rovera;22:11:00.551;4:11:42.136;1:26.493;;124
222;Reece Barr;22:09:51.018;4:10:32.603;Kiern Jewiss;22:11:18.307;4:11:59.892;1:27.289;;123
52;Jeff Machiels;22:09:56.203;4:10:37.788;Jeff Machiels;22:11:23.718;4:12:05.303;1:27.515;;123
58;Louis Prette;22:10:16.893;4:10:58.478;Thomas Fleming;22:11:44.140;4:12:25.725;1:27.247;;125
3;Chris Lulham;22:10:37.121;4:11:18.706;Chris Lulham;22:12:03.119;4:12:44.704;1:25.998;;125
23;Ben Dörr;22:10:42.570;4:11:24.155;Ben Dörr;22:12:41.154;4:13:22.739;1:58.584;;123
12;Tom Kalender;22:11:49.250;4:12:30.835;Mikael Grenier;22:13:50.435;4:14:32.020;2:01.185;;123
35;Gaspard Simon;22:11:50.571;4:12:32.156;Gaspard Simon;22:13:19.669;4:14:01.254;1:29.098;;124
71;Simon Birch;22:12:15.980;4:12:57.565;Simon Birch;22:13:42.831;4:14:24.416;1:26.851;;125
91;Robert Renauer;22:12:27.062;4:13:08.647;Huub van Eijndhoven;22:14:55.753;4:15:37.338;2:28.691;;124
2;Alessio Picariello;22:21:14.328;4:21:55.913;Morris Schuring;22:22:42.607;4:23:24.192;1:28.279;;130
67;Jason Hart;22:21:54.839;4:22:36.424;Philip Ellis;22:24:26.286;4:25:07.871;2:31.447;;124
87;Gabriele Piana;22:23:14.095;4:23:55.680;Marvin Dienst;22:24:42.158;4:25:23.743;1:28.063;;130
18;Lance Stroll;22:27:15.012;4:27:56.597;Lance Stroll;22:29:18.808;4:30:00.393;2:03.796;;129
60;Tim Heinemann;22:30:04.497;4:30:46.082; ;;;;;119
4;Harry George;22:33:11.404;4:33:52.989;Freddie Tomlinson;22:34:39.107;4:35:20.692;1:27.703;;130
11;Aaron Muss;22:47:29.435;4:48:11.020;Aaron Muss;22:48:58.170;4:49:39.755;1:28.735;;139
45;David Perel;22:56:13.096;4:56:54.681;David Perel;22:57:39.977;4:58:21.562;1:26.881;;144
59;Marvin Kirchhöfer;22:56:33.242;4:57:14.827;Marvin Kirchhöfer;22:57:59.805;4:58:41.390;1:26.563;;148
97;Loek Hartog;22:58:10.316;4:58:51.901;Riccardo Pera;22:59:37.396;5:00:18.981;1:27.080;;148
6;Cesar Gazeau;22:58:22.790;4:59:04.375;Aurelien Panis;22:59:52.149;5:00:33.734;1:29.359;;147
4;Freddie Tomlinson;22:58:32.121;4:59:13.706;Adam Smalley;23:00:00.221;5:00:41.806;1:28.100;;142
93;Chris Froggatt;22:58:43.254;4:59:24.839;Eddie Cheever;23:00:14.042;5:00:55.627;1:30.788;;146
30;Ignacio Montenegro;22:58:45.204;4:59:26.789;Matisse Lismont;23:00:11.145;5:00:52.730;1:25.941;;148
21;Oliver Söderström;22:58:55.012;4:59:36.597;Kobe Pauwels;23:00:38.818;5:01:20.403;1:43.806;;148
177;Colin Caresani;22:59:17.071;4:59:58.656;Colin Caresani;23:03:10.976;5:03:52.561;3:53.905;;143
11;Aaron Muss;22:59:24.484;5:00:06.069;Kyle Marcelli;23:00:52.679;5:01:34.264;1:28.195;;144
46;Max Hesse;22:59:31.544;5:00:13.129;Daniel Harper;23:00:58.044;5:01:39.629;1:26.500;;149
24;Dennis Lind;22:59:38.852;5:00:20.437;Dennis Lind;23:01:42.376;5:02:23.961;2:03.524;;147
52;Jeff Machiels;23:00:29.837;5:01:11.422;Gilles Stadsbader;23:01:57.279;5:02:38.864;1:27.442;;148
84;Christopher Haase;23:00:35.196;5:01:16.781;Christopher Haase;23:02:08.091;5:02:49.676;1:32.895;;149
88;Alberto Di Folco;23:01:01.185;5:01:42.770;Alberto Di Folco;23:03:55.301;5:04:36.886;2:54.116;;147
63;Franck Perera;23:01:19.510;5:02:01.095;Mirko Bortolotti;23:02:46.048;5:03:27.633;1:26.538;;148
66;Sebastian Øgaard;23:02:05.276;5:02:46.861; ;;;;;149
914;Benjamin Paque;23:02:56.804;5:03:38.389;Benjamin Paque;23:04:23.804;5:05:05.389;1:27.000;;148
7;Mattia Drudi;23:03:31.361;5:04:12.946;Nicki Thiim;23:04:58.483;5:05:40.068;1:27.122;;152
991;Dries Vanthoor;23:03:40.070;5:04:21.655;Dries Vanthoor;23:05:09.224;5:05:50.809;1:29.154;;150
64;Fabio Scherer;23:04:25.901;5:05:07.486;Fabio Scherer;23:06:37.296;5:07:18.881;2:11.395;;151
50;Arthur Leclerc;23:04:53.873;5:05:35.458;Arthur Leclerc;23:06:20.439;5:07:02.024;1:26.566;;151
56;Jonathan Adam;23:05:16.211;5:05:57.796;Jonathan Adam;23:06:57.024;5:07:38.609;1:40.813;;149
17;Fabian Schiller;23:06:24.040;5:07:05.625;Fabian Schiller;23:07:50.206;5:08:31.791;1:26.166;;153
25;Ivan Klymenko;23:06:36.063;5:07:17.648;Etienne Cheli;23:08:07.042;5:08:48.627;1:30.979;;151
9;Max Hofer;23:06:37.664;5:07:19.249;Aleksei Nesov;23:08:04.560;5:08:46.145;1:26.896;;152
32;Jordan Pepper;23:07:53.682;5:08:35.267;Kelvin van der Linde;23:09:20.080;5:10:01.665;1:26.398;;154
98;Raffaele Marciello;23:08:15.217;5:08:56.802;Raffaele Marciello;23:09:42.485;5:10:24.070;1:27.268;;154
42;Javier Sagrera;23:08:35.733;5:09:17.318;Calan Williams;23:10:02.673;5:10:44.258;1:26.940;;152
111;Simon Gachet;23:08:37.686;5:09:19.271;Arthur Rougier;23:10:05.021;5:10:46.606;1:27.335;;154
65;Maxime Oosten;23:08:54.508;5:09:36.093;Finn Wiebelhaus;23:10:52.120;5:11:33.705;1:57.612;;153
48;Lucas Auer;23:09:04.797;5:09:46.382;Lucas Auer;23:10:31.672;5:11:13.257;1:26.875;;155
992;Robert De Haan;23:09:10.460;5:09:52.045;Robert De Haan;23:10:37.596;5:11:19.181;1:27.136;;153
54;Angus Whiteside;23:10:36.941;5:11:18.526;Francesco Simonazzi;23:12:06.852;5:12:48.437;1:29.911;;152
998;Jens Klingmann;23:10:45.276;5:11:26.861;Jens Klingmann;23:12:12.166;5:12:53.751;1:26.890;;155
74;Dennis Marschall;23:10:47.482;5:11:29.067;Dennis Marschall;23:12:15.066;5:12:56.651;1:27.584;;153
51;Alessio Rovera;23:11:07.556;5:11:49.141;Alessio Rovera;23:12:33.539;5:13:15.124;1:25.983;;155
58;Thomas Fleming;23:11:31.483;5:12:13.068;Thomas Fleming;23:12:58.252;5:13:39.837;1:26.769;;156
222;Kiern Jewiss;23:11:46.633;5:12:28.218;Kiern Jewiss;23:13:13.774;5:13:55.359;1:27.141;;154
3;Chris Lulham;23:12:11.962;5:12:53.547;Daniel Juncadella;23:13:38.837;5:14:20.422;1:26.875;;156
23;Ben Dörr;23:12:47.660;5:13:29.245;Horatio Fitz-Simon;23:14:16.854;5:14:58.439;1:29.194;;154
87;Marvin Dienst;23:13:12.045;5:13:53.630;Marvin Dienst;23:14:40.429;5:15:22.014;1:28.384;;155
91;Huub van Eijndhoven;23:13:51.287;5:14:32.872;Huub van Eijndhoven;23:15:18.372;5:15:59.957;1:27.085;;154
71;Simon Birch;23:13:58.294;5:14:39.879;Simon Birch;23:14:45.203;5:15:26.788;46.909;;156
2;Morris Schuring;23:15:37.145;5:16:18.730;Alessio Picariello;23:17:04.707;5:17:46.292;1:27.562;;157
35;Gaspard Simon;23:18:48.368;5:19:29.953;Mateo Villagomez;23:20:45.875;5:21:27.460;1:57.507;;156
12;Mikael Grenier;23:19:27.721;5:20:09.306;Mikael Grenier;23:21:27.267;5:22:08.852;1:59.546;;155
67;Philip Ellis;23:20:08.262;5:20:49.847;Philip Ellis;23:21:37.167;5:22:18.752;1:28.905;;151
71;Simon Birch;23:22:51.529;5:23:33.114;Frederik Schandorff;23:24:18.320;5:24:59.905;1:26.791;;158
18;Lance Stroll;23:34:10.880;5:34:52.465;Lance Stroll;23:36:54.060;5:37:35.645;2:43.180;;158
63;Mirko Bortolotti;23:35:51.794;5:36:33.379;Mirko Bortolotti;23:37:09.677;5:37:51.262;1:17.883;;160
88;Alberto Di Folco;23:40:01.345;5:40:42.930;Alberto Di Folco;23:40:40.490;5:41:22.075;39.145;;161
18;Lance Stroll;23:48:18.958;5:49:00.543; ;;;;;164
